cn,sn,mail,uid
Hunfredo Lamyman,Lamyman,hlamyman0@bandcamp.com,797973240
Luciana Bakhrushin,Bakhrushin,lbakhrushin1@cbc.ca,061575911
Rhody Chadney,Chadney,rchadney2@sbwire.com,066400423
Patience McOrkil,McOrkil,pmcorkil3@epa.gov,003164772
Corey Deyenhardt,Deyenhardt,cdeyenhardt4@abc.net.au,212646496
Joscelin Seville,Seville,jseville5@mlb.com,938840660
Hansiain Sizeland,Sizeland,hsizeland6@sbwire.com,516791264
Nisse Berzen,Berzen,nberzen7@microsoft.com,714699195
Dex Newall,Newall,dnewall8@delicious.com,747209370
Francesca Benet,Benet,fbenet9@rediff.com,823075765